-- phpMyAdmin SQL Dump
-- version 4.8.0
-- https://www.phpmyadmin.net/
--
-- Host: 127.0.0.1
-- Waktu pembuatan: 17 Des 2019 pada 16.23
-- Versi server: 10.1.31-MariaDB
-- Versi PHP: 5.6.35

SET SQL_MODE = "NO_AUTO_VALUE_ON_ZERO";
SET AUTOCOMMIT = 0;
START TRANSACTION;
SET time_zone = "+00:00";


/*!40101 SET @OLD_CHARACTER_SET_CLIENT=@@CHARACTER_SET_CLIENT */;
/*!40101 SET @OLD_CHARACTER_SET_RESULTS=@@CHARACTER_SET_RESULTS */;
/*!40101 SET @OLD_COLLATION_CONNECTION=@@COLLATION_CONNECTION */;
/*!40101 SET NAMES utf8mb4 */;

--
-- Database: `topsis_kinerja`
--

-- --------------------------------------------------------

--
-- Struktur dari tabel `admin`
--

CREATE TABLE `admin` (
  `id_admin` int(11) NOT NULL,
  `email` varchar(50) NOT NULL,
  `password` varchar(50) NOT NULL,
  `nama` varchar(100) NOT NULL,
  `foto` varchar(100) NOT NULL,
  `akses` varchar(15) NOT NULL
) ENGINE=InnoDB DEFAULT CHARSET=utf32;

--
-- Dumping data untuk tabel `admin`
--

INSERT INTO `admin` (`id_admin`, `email`, `password`, `nama`, `foto`, `akses`) VALUES
(1, 'moh.saputro@students.amikom.ac.id', '202cb962ac59075b964b07152d234b70', 'Rizal Bayes', '4ab26ad8d5058439c5191bf8231845dd--ne-piece-cute-chibi.jpg', 'Administrator'),
(2, 'cihuy@gmail.com', 'caf1a3dfb505ffed0d024130f58c5cfa', 'Cihuy Ulala', 'b43c267471be1578bd35dd732838004b.jpg', 'Penilai'),
(3, 'penilai@gmail.com', 'caf1a3dfb505ffed0d024130f58c5cfa', 'Penilai', 'default.png', 'Penilai'),
(4, 'admin@gmail.com', '202cb962ac59075b964b07152d234b70', 'admin', 'default.png', 'Administrator');

-- --------------------------------------------------------

--
-- Struktur dari tabel `alternatif`
--

CREATE TABLE `alternatif` (
  `id_alternatif` int(11) NOT NULL,
  `nama_alternatif` varchar(30) NOT NULL,
  `nilai1` int(11) NOT NULL,
  `nilai2` int(11) NOT NULL,
  `nilai3` int(11) NOT NULL,
  `nilai4` int(11) NOT NULL
) ENGINE=InnoDB DEFAULT CHARSET=utf32;

--
-- Dumping data untuk tabel `alternatif`
--

INSERT INTO `alternatif` (`id_alternatif`, `nama_alternatif`, `nilai1`, `nilai2`, `nilai3`, `nilai4`) VALUES
(1, 'Amat Baik', 1, 1, 2, 4),
(2, 'Baik', 1, 2, 3, 3),
(3, 'Cukup', 1, 3, 3, 2),
(4, 'Sedang', 3, 4, 2, 1),
(5, 'Kurang', 4, 3, 1, 1);

-- --------------------------------------------------------

--
-- Struktur dari tabel `guru`
--

CREATE TABLE `guru` (
  `id_guru` int(11) NOT NULL,
  `id_admin` int(11) NOT NULL,
  `id_mapel` int(11) NOT NULL,
  `nama_guru` varchar(100) NOT NULL,
  `nip` varchar(30) NOT NULL,
  `jabatan` varchar(100) NOT NULL,
  `jenis_kelamin` varchar(1) NOT NULL,
  `pendidikan_terakhir` varchar(10) NOT NULL,
  `aktif` varchar(1) NOT NULL
) ENGINE=InnoDB DEFAULT CHARSET=utf32;

--
-- Dumping data untuk tabel `guru`
--

INSERT INTO `guru` (`id_guru`, `id_admin`, `id_mapel`, `nama_guru`, `nip`, `jabatan`, `jenis_kelamin`, `pendidikan_terakhir`, `aktif`) VALUES
(1, 2, 1, 'Guru 1', '1234', 'Pembina Utama Muda', 'L', 'S1', 'N'),
(4, 2, 2, 'Guru 2', '12345', 'Pembina Utama Muda', 'P', 'D4', 'N'),
(6, 3, 1, 'Drs. R. Budi Martono', '19660319 199903 1 004', 'Pembina / Guru Madya / IVa', 'L', 'S1', 'Y'),
(7, 3, 2, 'Drs.Hadi Sujatmo, MT', '19610108  198803 1 007', 'Pembina / Guru Madya / IVa', 'L', 'S2', 'Y'),
(8, 3, 2, 'Drs. Sumedi', '19631220   199512 1 002', 'Pembina / Guru Madya / IVa', 'L', 'S1', 'Y'),
(9, 3, 3, 'SUNARYO, SPd', '19671229 199802 1 002', 'Pembina / Guru Madya / IVa', 'L', 'S1', 'Y'),
(10, 3, 2, 'SUGENG, S.Pd', '19690305 199503 1 006', 'Pembina / Guru Madya / IVa', 'L', 'S1', 'Y'),
(11, 3, 2, 'Nur Alfi Arindawati, S.Pd.', '19690305 199503 1 000', 'Penata Muda / Guru Pertama / IIIa', 'P', 'S1', 'Y'),
(12, 2, 6, 'Sukarjana, S.Pd', '19620405 198601 1 003', 'Pembina / Guru Madya / IVa', 'L', 'S1', 'Y'),
(13, 2, 6, 'Tokharis, S.Pd', '19670130 200701 1 004', 'Penata / Guru Muda / IIIc', 'L', 'S1', 'Y'),
(14, 2, 6, 'Pranowo Eko Sudiarto, S.Sn', '19691201  200501 1 009', 'Pembina / Guru Madya / IVa', 'L', 'S1', 'Y'),
(15, 2, 5, 'Drs. Abdul Rokhman', '19650307 200801 1 003', 'Penata / Guru Muda / IIIc', 'L', 'S1', 'Y');

-- --------------------------------------------------------

--
-- Struktur dari tabel `kriteria`
--

CREATE TABLE `kriteria` (
  `id_kriteria` int(11) NOT NULL,
  `nama_kriteria` varchar(50) NOT NULL,
  `jenis` varchar(20) NOT NULL,
  `bobot` int(11) NOT NULL,
  `keterangan` varchar(100) NOT NULL
) ENGINE=InnoDB DEFAULT CHARSET=utf32;

--
-- Dumping data untuk tabel `kriteria`
--

INSERT INTO `kriteria` (`id_kriteria`, `nama_kriteria`, `jenis`, `bobot`, `keterangan`) VALUES
(1, 'C1', 'Benefit', 3, 'Menguasai karakteristik peserta didik'),
(2, 'C2', 'Benefit', 3, 'Menguasai teori belajar dan prinsip-prinsip pembelajaran yang mendidik'),
(3, 'C3', 'Benefit', 3, 'Pengembangan kurikulum'),
(4, 'C4', 'Benefit', 3, 'Kegiatan pembelajran yang mendidik'),
(5, 'C5', 'Benefit', 3, 'Pengembangan potensi peserta didik'),
(6, 'C6', 'Benefit', 3, 'Komunikasi dengan peserta didik'),
(7, 'C7', 'Benefit', 3, 'Penilaian dan evaluasi'),
(8, 'C8', 'Benefit', 3, 'Bertindak sesuai dengan norma agama, hukum, sosial dan kebudayaan'),
(9, 'C9', 'Benefit', 3, 'Menunjukan pribadi yang dewasa dan teladan'),
(10, 'C10', 'Benefit', 3, 'Etos kerja,tanggung jawab tinggi,rasa bangga menjadi guru'),
(11, 'C11', 'Benefit', 3, 'Bersikap Inklusif,Bertindak objektif, serta tidak diskriminatif'),
(12, 'C12', 'Benefit', 3, 'Komunikasi dengan sesama guru, tenaga kependidikan, Orang tua, Peserta didik, dan masyarakat'),
(13, 'C13', 'Benefit', 3, 'Penguasaan materi struktur konsep, dan pola pikir keilmuan yang mendukung mata pelajaran yang diampu'),
(14, 'C14', 'Benefit', 3, 'Mengembangkan keprofesian melalui tindakan reflektif');

-- --------------------------------------------------------

--
-- Struktur dari tabel `mapel`
--

CREATE TABLE `mapel` (
  `id_mapel` int(11) NOT NULL,
  `mata_pelajaran` varchar(50) NOT NULL
) ENGINE=InnoDB DEFAULT CHARSET=utf32;

--
-- Dumping data untuk tabel `mapel`
--

INSERT INTO `mapel` (`id_mapel`, `mata_pelajaran`) VALUES
(1, 'Kriya Kreatif  Logam dan Perhiasan'),
(2, 'Desain dan Produksi Kria Logam'),
(3, 'DPK Kreatif Batik dan Tekstil'),
(4, 'Pembuatan Perhiasan'),
(5, 'Bahasa Indonesia'),
(6, 'Desain dan Produksi Kria Kayu');

-- --------------------------------------------------------

--
-- Struktur dari tabel `nilai`
--

CREATE TABLE `nilai` (
  `id_nilai` int(11) NOT NULL,
  `id_kriteria` int(11) NOT NULL,
  `id_guru` int(11) NOT NULL,
  `id_periode` int(11) NOT NULL,
  `nilai_guru` int(11) NOT NULL
) ENGINE=InnoDB DEFAULT CHARSET=utf32;

--
-- Dumping data untuk tabel `nilai`
--

INSERT INTO `nilai` (`id_nilai`, `id_kriteria`, `id_guru`, `id_periode`, `nilai_guru`) VALUES
(1, 1, 1, 1, 3),
(2, 2, 1, 1, 3),
(3, 3, 1, 1, 3),
(4, 4, 1, 1, 4),
(5, 5, 1, 1, 3),
(6, 6, 1, 1, 4),
(7, 7, 1, 1, 3),
(8, 8, 1, 1, 4),
(9, 9, 1, 1, 3),
(10, 10, 1, 1, 4),
(11, 11, 1, 1, 4),
(12, 12, 1, 1, 3),
(13, 13, 1, 1, 4),
(14, 14, 1, 1, 3),
(15, 1, 4, 1, 0),
(16, 2, 4, 1, 0),
(17, 3, 4, 1, 0),
(18, 4, 4, 1, 0),
(19, 5, 4, 1, 0),
(20, 6, 4, 1, 0),
(21, 7, 4, 1, 0),
(22, 8, 4, 1, 0),
(23, 9, 4, 1, 0),
(24, 10, 4, 1, 0),
(25, 11, 4, 1, 0),
(26, 12, 4, 1, 0),
(27, 13, 4, 1, 0),
(28, 14, 4, 1, 0),
(29, 1, 6, 2, 4),
(30, 2, 6, 2, 4),
(31, 3, 6, 2, 3),
(32, 4, 6, 2, 4),
(33, 5, 6, 2, 3),
(34, 6, 6, 2, 4),
(35, 7, 6, 2, 3),
(36, 8, 6, 2, 4),
(37, 9, 6, 2, 3),
(38, 10, 6, 2, 4),
(39, 11, 6, 2, 4),
(40, 12, 6, 2, 4),
(41, 13, 6, 2, 3),
(42, 14, 6, 2, 2),
(43, 1, 7, 2, 3),
(44, 2, 7, 2, 3),
(45, 3, 7, 2, 3),
(46, 4, 7, 2, 4),
(47, 5, 7, 2, 3),
(48, 6, 7, 2, 4),
(49, 7, 7, 2, 3),
(50, 8, 7, 2, 4),
(51, 9, 7, 2, 3),
(52, 10, 7, 2, 4),
(53, 11, 7, 2, 4),
(54, 12, 7, 2, 3),
(55, 13, 7, 2, 3),
(56, 14, 7, 2, 3),
(57, 1, 8, 2, 3),
(58, 2, 8, 2, 3),
(59, 3, 8, 2, 3),
(60, 4, 8, 2, 4),
(61, 5, 8, 2, 3),
(62, 6, 8, 2, 4),
(63, 7, 8, 2, 3),
(64, 8, 8, 2, 4),
(65, 9, 8, 2, 3),
(66, 10, 8, 2, 4),
(67, 11, 8, 2, 4),
(68, 12, 8, 2, 2),
(69, 13, 8, 2, 3),
(70, 14, 8, 2, 2),
(71, 1, 9, 2, 3),
(72, 2, 9, 2, 4),
(73, 3, 9, 2, 3),
(74, 4, 9, 2, 3),
(75, 5, 9, 2, 3),
(76, 6, 9, 2, 3),
(77, 7, 9, 2, 3),
(78, 8, 9, 2, 4),
(79, 9, 9, 2, 4),
(80, 10, 9, 2, 3),
(81, 11, 9, 2, 3),
(82, 12, 9, 2, 4),
(83, 13, 9, 2, 4),
(84, 14, 9, 2, 4),
(85, 1, 10, 2, 3),
(86, 2, 10, 2, 3),
(87, 3, 10, 2, 3),
(88, 4, 10, 2, 3),
(89, 5, 10, 2, 3),
(90, 6, 10, 2, 4),
(91, 7, 10, 2, 3),
(92, 8, 10, 2, 4),
(93, 9, 10, 2, 3),
(94, 10, 10, 2, 4),
(95, 11, 10, 2, 4),
(96, 12, 10, 2, 2),
(97, 13, 10, 2, 3),
(98, 14, 10, 2, 2),
(99, 1, 11, 2, 3),
(100, 2, 11, 2, 3),
(101, 3, 11, 2, 3),
(102, 4, 11, 2, 3),
(103, 5, 11, 2, 3),
(104, 6, 11, 2, 3),
(105, 7, 11, 2, 3),
(106, 8, 11, 2, 3),
(107, 9, 11, 2, 4),
(108, 10, 11, 2, 4),
(109, 11, 11, 2, 3),
(110, 12, 11, 2, 3),
(111, 13, 11, 2, 3),
(112, 14, 11, 2, 3),
(113, 1, 12, 2, 4),
(114, 2, 12, 2, 3),
(115, 3, 12, 2, 4),
(116, 4, 12, 2, 3),
(117, 5, 12, 2, 3),
(118, 6, 12, 2, 4),
(119, 7, 12, 2, 3),
(120, 8, 12, 2, 4),
(121, 9, 12, 2, 4),
(122, 10, 12, 2, 3),
(123, 11, 12, 2, 4),
(124, 12, 12, 2, 3),
(125, 13, 12, 2, 3),
(126, 14, 12, 2, 4),
(127, 1, 13, 2, 3),
(128, 2, 13, 2, 4),
(129, 3, 13, 2, 4),
(130, 4, 13, 2, 4),
(131, 5, 13, 2, 3),
(132, 6, 13, 2, 3),
(133, 7, 13, 2, 3),
(134, 8, 13, 2, 4),
(135, 9, 13, 2, 4),
(136, 10, 13, 2, 3),
(137, 11, 13, 2, 4),
(138, 12, 13, 2, 2),
(139, 13, 13, 2, 3),
(140, 14, 13, 2, 3),
(141, 1, 14, 2, 4),
(142, 2, 14, 2, 4),
(143, 3, 14, 2, 4),
(144, 4, 14, 2, 4),
(145, 5, 14, 2, 3),
(146, 6, 14, 2, 3),
(147, 7, 14, 2, 2),
(148, 8, 14, 2, 3),
(149, 9, 14, 2, 4),
(150, 10, 14, 2, 3),
(151, 11, 14, 2, 3),
(152, 12, 14, 2, 2),
(153, 13, 14, 2, 3),
(154, 14, 14, 2, 4),
(155, 1, 15, 2, 3),
(156, 2, 15, 2, 4),
(157, 3, 15, 2, 3),
(158, 4, 15, 2, 4),
(159, 5, 15, 2, 4),
(160, 6, 15, 2, 3),
(161, 7, 15, 2, 3),
(162, 8, 15, 2, 4),
(163, 9, 15, 2, 4),
(164, 10, 15, 2, 4),
(165, 11, 15, 2, 3),
(166, 12, 15, 2, 4),
(167, 13, 15, 2, 3),
(168, 14, 15, 2, 2);

-- --------------------------------------------------------

--
-- Struktur dari tabel `penilaian`
--

CREATE TABLE `penilaian` (
  `id_penilaian` int(11) NOT NULL,
  `id_nilai` int(11) NOT NULL,
  `id_alternatif` int(11) NOT NULL,
  `nilai` int(11) NOT NULL,
  `normalisasi` double NOT NULL,
  `terbobot` double NOT NULL,
  `nilai_akhir` double NOT NULL,
  `rank` int(11) NOT NULL
) ENGINE=InnoDB DEFAULT CHARSET=utf32;

--
-- Dumping data untuk tabel `penilaian`
--

INSERT INTO `penilaian` (`id_penilaian`, `id_nilai`, `id_alternatif`, `nilai`, `normalisasi`, `terbobot`, `nilai_akhir`, `rank`) VALUES
(1, 1, 1, 2, 0.385, 1.155, 0.724, 2),
(2, 2, 1, 2, 0.385, 1.155, 0.724, 2),
(3, 3, 1, 2, 0.385, 1.155, 0.724, 2),
(4, 4, 1, 4, 0.718, 2.154, 0.724, 2),
(5, 5, 1, 2, 0.385, 1.155, 0.724, 2),
(6, 6, 1, 4, 0.718, 2.154, 0.724, 2),
(7, 7, 1, 2, 0.385, 1.155, 0.724, 2),
(8, 8, 1, 4, 0.718, 2.154, 0.724, 2),
(9, 9, 1, 2, 0.385, 1.155, 0.724, 2),
(10, 10, 1, 4, 0.718, 2.154, 0.724, 2),
(11, 11, 1, 4, 0.718, 2.154, 0.724, 2),
(12, 12, 1, 2, 0.385, 1.155, 0.724, 2),
(13, 13, 1, 4, 0.718, 2.154, 0.724, 2),
(14, 14, 1, 2, 0.385, 1.155, 0.724, 2),
(15, 1, 2, 3, 0.577, 1.731, 0.762, 2),
(16, 2, 2, 3, 0.577, 1.731, 0.762, 2),
(17, 3, 2, 3, 0.577, 1.731, 0.762, 2),
(18, 4, 2, 3, 0.539, 1.617, 0.762, 2),
(19, 5, 2, 3, 0.577, 1.731, 0.762, 2),
(20, 6, 2, 3, 0.539, 1.617, 0.762, 2),
(21, 7, 2, 3, 0.577, 1.731, 0.762, 2),
(22, 8, 2, 3, 0.539, 1.617, 0.762, 2),
(23, 9, 2, 3, 0.577, 1.731, 0.762, 2),
(24, 10, 2, 3, 0.539, 1.617, 0.762, 2),
(25, 11, 2, 3, 0.539, 1.617, 0.762, 2),
(26, 12, 2, 3, 0.577, 1.731, 0.762, 2),
(27, 13, 2, 3, 0.539, 1.617, 0.762, 2),
(28, 14, 2, 3, 0.577, 1.731, 0.762, 2),
(29, 1, 3, 3, 0.577, 1.731, 0.572, 2),
(30, 2, 3, 3, 0.577, 1.731, 0.572, 2),
(31, 3, 3, 3, 0.577, 1.731, 0.572, 2),
(32, 4, 3, 2, 0.359, 1.077, 0.572, 2),
(33, 5, 3, 3, 0.577, 1.731, 0.572, 2),
(34, 6, 3, 2, 0.359, 1.077, 0.572, 2),
(35, 7, 3, 3, 0.577, 1.731, 0.572, 2),
(36, 8, 3, 2, 0.359, 1.077, 0.572, 2),
(37, 9, 3, 3, 0.577, 1.731, 0.572, 2),
(38, 10, 3, 2, 0.359, 1.077, 0.572, 2),
(39, 11, 3, 2, 0.359, 1.077, 0.572, 2),
(40, 12, 3, 3, 0.577, 1.731, 0.572, 2),
(41, 13, 3, 2, 0.359, 1.077, 0.572, 2),
(42, 14, 3, 3, 0.577, 1.731, 0.572, 2),
(43, 1, 4, 2, 0.385, 1.155, 0.277, 2),
(44, 2, 4, 2, 0.385, 1.155, 0.277, 2),
(45, 3, 4, 2, 0.385, 1.155, 0.277, 2),
(46, 4, 4, 1, 0.18, 0.54, 0.277, 2),
(47, 5, 4, 2, 0.385, 1.155, 0.277, 2),
(48, 6, 4, 1, 0.18, 0.54, 0.277, 2),
(49, 7, 4, 2, 0.385, 1.155, 0.277, 2),
(50, 8, 4, 1, 0.18, 0.54, 0.277, 2),
(51, 9, 4, 2, 0.385, 1.155, 0.277, 2),
(52, 10, 4, 1, 0.18, 0.54, 0.277, 2),
(53, 11, 4, 1, 0.18, 0.54, 0.277, 2),
(54, 12, 4, 2, 0.385, 1.155, 0.277, 2),
(55, 13, 4, 1, 0.18, 0.54, 0.277, 2),
(56, 14, 4, 2, 0.385, 1.155, 0.277, 2),
(57, 1, 5, 1, 0.192, 0.576, 0, 2),
(58, 2, 5, 1, 0.192, 0.576, 0, 2),
(59, 3, 5, 1, 0.192, 0.576, 0, 2),
(60, 4, 5, 1, 0.18, 0.54, 0, 2),
(61, 5, 5, 1, 0.192, 0.576, 0, 2),
(62, 6, 5, 1, 0.18, 0.54, 0, 2),
(63, 7, 5, 1, 0.192, 0.576, 0, 2),
(64, 8, 5, 1, 0.18, 0.54, 0, 2),
(65, 9, 5, 1, 0.192, 0.576, 0, 2),
(66, 10, 5, 1, 0.18, 0.54, 0, 2),
(67, 11, 5, 1, 0.18, 0.54, 0, 2),
(68, 12, 5, 1, 0.192, 0.576, 0, 2),
(69, 13, 5, 1, 0.18, 0.54, 0, 2),
(70, 14, 5, 1, 0.192, 0.576, 0, 2),
(71, 29, 1, 4, 0.718, 2.154, 0.71, 1),
(72, 30, 1, 4, 0.718, 2.154, 0.71, 1),
(73, 31, 1, 2, 0.385, 1.155, 0.71, 1),
(74, 32, 1, 4, 0.718, 2.154, 0.71, 1),
(75, 33, 1, 2, 0.385, 1.155, 0.71, 1),
(76, 34, 1, 4, 0.718, 2.154, 0.71, 1),
(77, 35, 1, 2, 0.385, 1.155, 0.71, 1),
(78, 36, 1, 4, 0.718, 2.154, 0.71, 1),
(79, 37, 1, 2, 0.385, 1.155, 0.71, 1),
(80, 38, 1, 4, 0.718, 2.154, 0.71, 1),
(81, 39, 1, 4, 0.718, 2.154, 0.71, 1),
(82, 40, 1, 4, 0.718, 2.154, 0.71, 1),
(83, 41, 1, 2, 0.385, 1.155, 0.71, 1),
(84, 42, 1, 1, 0.16, 0.48, 0.71, 1),
(85, 29, 2, 3, 0.539, 1.617, 0.691, 1),
(86, 30, 2, 3, 0.539, 1.617, 0.691, 1),
(87, 31, 2, 3, 0.577, 1.731, 0.691, 1),
(88, 32, 2, 3, 0.539, 1.617, 0.691, 1),
(89, 33, 2, 3, 0.577, 1.731, 0.691, 1),
(90, 34, 2, 3, 0.539, 1.617, 0.691, 1),
(91, 35, 2, 3, 0.577, 1.731, 0.691, 1),
(92, 36, 2, 3, 0.539, 1.617, 0.691, 1),
(93, 37, 2, 3, 0.577, 1.731, 0.691, 1),
(94, 38, 2, 3, 0.539, 1.617, 0.691, 1),
(95, 39, 2, 3, 0.539, 1.617, 0.691, 1),
(96, 40, 2, 3, 0.539, 1.617, 0.691, 1),
(97, 41, 2, 3, 0.577, 1.731, 0.691, 1),
(98, 42, 2, 2, 0.32, 0.96, 0.691, 1),
(99, 29, 3, 2, 0.359, 1.077, 0.505, 1),
(100, 30, 3, 2, 0.359, 1.077, 0.505, 1),
(101, 31, 3, 3, 0.577, 1.731, 0.505, 1),
(102, 32, 3, 2, 0.359, 1.077, 0.505, 1),
(103, 33, 3, 3, 0.577, 1.731, 0.505, 1),
(104, 34, 3, 2, 0.359, 1.077, 0.505, 1),
(105, 35, 3, 3, 0.577, 1.731, 0.505, 1),
(106, 36, 3, 2, 0.359, 1.077, 0.505, 1),
(107, 37, 3, 3, 0.577, 1.731, 0.505, 1),
(108, 38, 3, 2, 0.359, 1.077, 0.505, 1),
(109, 39, 3, 2, 0.359, 1.077, 0.505, 1),
(110, 40, 3, 2, 0.359, 1.077, 0.505, 1),
(111, 41, 3, 3, 0.577, 1.731, 0.505, 1),
(112, 42, 3, 3, 0.48, 1.44, 0.505, 1),
(113, 29, 4, 1, 0.18, 0.54, 0.29, 1),
(114, 30, 4, 1, 0.18, 0.54, 0.29, 1),
(115, 31, 4, 2, 0.385, 1.155, 0.29, 1),
(116, 32, 4, 1, 0.18, 0.54, 0.29, 1),
(117, 33, 4, 2, 0.385, 1.155, 0.29, 1),
(118, 34, 4, 1, 0.18, 0.54, 0.29, 1),
(119, 35, 4, 2, 0.385, 1.155, 0.29, 1),
(120, 36, 4, 1, 0.18, 0.54, 0.29, 1),
(121, 37, 4, 2, 0.385, 1.155, 0.29, 1),
(122, 38, 4, 1, 0.18, 0.54, 0.29, 1),
(123, 39, 4, 1, 0.18, 0.54, 0.29, 1),
(124, 40, 4, 1, 0.18, 0.54, 0.29, 1),
(125, 41, 4, 2, 0.385, 1.155, 0.29, 1),
(126, 42, 4, 4, 0.641, 1.923, 0.29, 1),
(127, 29, 5, 1, 0.18, 0.54, 0.154, 1),
(128, 30, 5, 1, 0.18, 0.54, 0.154, 1),
(129, 31, 5, 1, 0.192, 0.576, 0.154, 1),
(130, 32, 5, 1, 0.18, 0.54, 0.154, 1),
(131, 33, 5, 1, 0.192, 0.576, 0.154, 1),
(132, 34, 5, 1, 0.18, 0.54, 0.154, 1),
(133, 35, 5, 1, 0.192, 0.576, 0.154, 1),
(134, 36, 5, 1, 0.18, 0.54, 0.154, 1),
(135, 37, 5, 1, 0.192, 0.576, 0.154, 1),
(136, 38, 5, 1, 0.18, 0.54, 0.154, 1),
(137, 39, 5, 1, 0.18, 0.54, 0.154, 1),
(138, 40, 5, 1, 0.18, 0.54, 0.154, 1),
(139, 41, 5, 1, 0.192, 0.576, 0.154, 1),
(140, 42, 5, 3, 0.48, 1.44, 0.154, 1),
(141, 43, 1, 2, 0.385, 1.155, 0.698, 2),
(142, 44, 1, 2, 0.385, 1.155, 0.698, 2),
(143, 45, 1, 2, 0.385, 1.155, 0.698, 2),
(144, 46, 1, 4, 0.718, 2.154, 0.698, 2),
(145, 47, 1, 2, 0.385, 1.155, 0.698, 2),
(146, 48, 1, 4, 0.718, 2.154, 0.698, 2),
(147, 49, 1, 2, 0.385, 1.155, 0.698, 2),
(148, 50, 1, 4, 0.718, 2.154, 0.698, 2),
(149, 51, 1, 2, 0.385, 1.155, 0.698, 2),
(150, 52, 1, 4, 0.718, 2.154, 0.698, 2),
(151, 53, 1, 4, 0.718, 2.154, 0.698, 2),
(152, 54, 1, 2, 0.385, 1.155, 0.698, 2),
(153, 55, 1, 2, 0.385, 1.155, 0.698, 2),
(154, 56, 1, 2, 0.385, 1.155, 0.698, 2),
(155, 43, 2, 3, 0.577, 1.731, 0.779, 2),
(156, 44, 2, 3, 0.577, 1.731, 0.779, 2),
(157, 45, 2, 3, 0.577, 1.731, 0.779, 2),
(158, 46, 2, 3, 0.539, 1.617, 0.779, 2),
(159, 47, 2, 3, 0.577, 1.731, 0.779, 2),
(160, 48, 2, 3, 0.539, 1.617, 0.779, 2),
(161, 49, 2, 3, 0.577, 1.731, 0.779, 2),
(162, 50, 2, 3, 0.539, 1.617, 0.779, 2),
(163, 51, 2, 3, 0.577, 1.731, 0.779, 2),
(164, 52, 2, 3, 0.539, 1.617, 0.779, 2),
(165, 53, 2, 3, 0.539, 1.617, 0.779, 2),
(166, 54, 2, 3, 0.577, 1.731, 0.779, 2),
(167, 55, 2, 3, 0.577, 1.731, 0.779, 2),
(168, 56, 2, 3, 0.577, 1.731, 0.779, 2),
(169, 43, 3, 3, 0.577, 1.731, 0.604, 2),
(170, 44, 3, 3, 0.577, 1.731, 0.604, 2),
(171, 45, 3, 3, 0.577, 1.731, 0.604, 2),
(172, 46, 3, 2, 0.359, 1.077, 0.604, 2),
(173, 47, 3, 3, 0.577, 1.731, 0.604, 2),
(174, 48, 3, 2, 0.359, 1.077, 0.604, 2),
(175, 49, 3, 3, 0.577, 1.731, 0.604, 2),
(176, 50, 3, 2, 0.359, 1.077, 0.604, 2),
(177, 51, 3, 3, 0.577, 1.731, 0.604, 2),
(178, 52, 3, 2, 0.359, 1.077, 0.604, 2),
(179, 53, 3, 2, 0.359, 1.077, 0.604, 2),
(180, 54, 3, 3, 0.577, 1.731, 0.604, 2),
(181, 55, 3, 3, 0.577, 1.731, 0.604, 2),
(182, 56, 3, 3, 0.577, 1.731, 0.604, 2),
(183, 43, 4, 2, 0.385, 1.155, 0.303, 2),
(184, 44, 4, 2, 0.385, 1.155, 0.303, 2),
(185, 45, 4, 2, 0.385, 1.155, 0.303, 2),
(186, 46, 4, 1, 0.18, 0.54, 0.303, 2),
(187, 47, 4, 2, 0.385, 1.155, 0.303, 2),
(188, 48, 4, 1, 0.18, 0.54, 0.303, 2),
(189, 49, 4, 2, 0.385, 1.155, 0.303, 2),
(190, 50, 4, 1, 0.18, 0.54, 0.303, 2),
(191, 51, 4, 2, 0.385, 1.155, 0.303, 2),
(192, 52, 4, 1, 0.18, 0.54, 0.303, 2),
(193, 53, 4, 1, 0.18, 0.54, 0.303, 2),
(194, 54, 4, 2, 0.385, 1.155, 0.303, 2),
(195, 55, 4, 2, 0.385, 1.155, 0.303, 2),
(196, 56, 4, 2, 0.385, 1.155, 0.303, 2),
(197, 43, 5, 1, 0.192, 0.576, 0, 2),
(198, 44, 5, 1, 0.192, 0.576, 0, 2),
(199, 45, 5, 1, 0.192, 0.576, 0, 2),
(200, 46, 5, 1, 0.18, 0.54, 0, 2),
(201, 47, 5, 1, 0.192, 0.576, 0, 2),
(202, 48, 5, 1, 0.18, 0.54, 0, 2),
(203, 49, 5, 1, 0.192, 0.576, 0, 2),
(204, 50, 5, 1, 0.18, 0.54, 0, 2),
(205, 51, 5, 1, 0.192, 0.576, 0, 2),
(206, 52, 5, 1, 0.18, 0.54, 0, 2),
(207, 53, 5, 1, 0.18, 0.54, 0, 2),
(208, 54, 5, 1, 0.192, 0.576, 0, 2),
(209, 55, 5, 1, 0.192, 0.576, 0, 2),
(210, 56, 5, 1, 0.192, 0.576, 0, 2),
(211, 57, 1, 2, 0.385, 1.155, 0.606, 2),
(212, 58, 1, 2, 0.385, 1.155, 0.606, 2),
(213, 59, 1, 2, 0.385, 1.155, 0.606, 2),
(214, 60, 1, 4, 0.718, 2.154, 0.606, 2),
(215, 61, 1, 2, 0.385, 1.155, 0.606, 2),
(216, 62, 1, 4, 0.718, 2.154, 0.606, 2),
(217, 63, 1, 2, 0.385, 1.155, 0.606, 2),
(218, 64, 1, 4, 0.718, 2.154, 0.606, 2),
(219, 65, 1, 2, 0.385, 1.155, 0.606, 2),
(220, 66, 1, 4, 0.718, 2.154, 0.606, 2),
(221, 67, 1, 4, 0.718, 2.154, 0.606, 2),
(222, 68, 1, 1, 0.16, 0.48, 0.606, 2),
(223, 69, 1, 2, 0.385, 1.155, 0.606, 2),
(224, 70, 1, 1, 0.16, 0.48, 0.606, 2),
(225, 57, 2, 3, 0.577, 1.731, 0.685, 2),
(226, 58, 2, 3, 0.577, 1.731, 0.685, 2),
(227, 59, 2, 3, 0.577, 1.731, 0.685, 2),
(228, 60, 2, 3, 0.539, 1.617, 0.685, 2),
(229, 61, 2, 3, 0.577, 1.731, 0.685, 2),
(230, 62, 2, 3, 0.539, 1.617, 0.685, 2),
(231, 63, 2, 3, 0.577, 1.731, 0.685, 2),
(232, 64, 2, 3, 0.539, 1.617, 0.685, 2),
(233, 65, 2, 3, 0.577, 1.731, 0.685, 2),
(234, 66, 2, 3, 0.539, 1.617, 0.685, 2),
(235, 67, 2, 3, 0.539, 1.617, 0.685, 2),
(236, 68, 2, 2, 0.32, 0.96, 0.685, 2),
(237, 69, 2, 3, 0.577, 1.731, 0.685, 2),
(238, 70, 2, 2, 0.32, 0.96, 0.685, 2),
(239, 57, 3, 3, 0.577, 1.731, 0.587, 2),
(240, 58, 3, 3, 0.577, 1.731, 0.587, 2),
(241, 59, 3, 3, 0.577, 1.731, 0.587, 2),
(242, 60, 3, 2, 0.359, 1.077, 0.587, 2),
(243, 61, 3, 3, 0.577, 1.731, 0.587, 2),
(244, 62, 3, 2, 0.359, 1.077, 0.587, 2),
(245, 63, 3, 3, 0.577, 1.731, 0.587, 2),
(246, 64, 3, 2, 0.359, 1.077, 0.587, 2),
(247, 65, 3, 3, 0.577, 1.731, 0.587, 2),
(248, 66, 3, 2, 0.359, 1.077, 0.587, 2),
(249, 67, 3, 2, 0.359, 1.077, 0.587, 2),
(250, 68, 3, 3, 0.48, 1.44, 0.587, 2),
(251, 69, 3, 3, 0.577, 1.731, 0.587, 2),
(252, 70, 3, 3, 0.48, 1.44, 0.587, 2),
(253, 57, 4, 2, 0.385, 1.155, 0.394, 2),
(254, 58, 4, 2, 0.385, 1.155, 0.394, 2),
(255, 59, 4, 2, 0.385, 1.155, 0.394, 2),
(256, 60, 4, 1, 0.18, 0.54, 0.394, 2),
(257, 61, 4, 2, 0.385, 1.155, 0.394, 2),
(258, 62, 4, 1, 0.18, 0.54, 0.394, 2),
(259, 63, 4, 2, 0.385, 1.155, 0.394, 2),
(260, 64, 4, 1, 0.18, 0.54, 0.394, 2),
(261, 65, 4, 2, 0.385, 1.155, 0.394, 2),
(262, 66, 4, 1, 0.18, 0.54, 0.394, 2),
(263, 67, 4, 1, 0.18, 0.54, 0.394, 2),
(264, 68, 4, 4, 0.641, 1.923, 0.394, 2),
(265, 69, 4, 2, 0.385, 1.155, 0.394, 2),
(266, 70, 4, 4, 0.641, 1.923, 0.394, 2),
(267, 57, 5, 1, 0.192, 0.576, 0.221, 2),
(268, 58, 5, 1, 0.192, 0.576, 0.221, 2),
(269, 59, 5, 1, 0.192, 0.576, 0.221, 2),
(270, 60, 5, 1, 0.18, 0.54, 0.221, 2),
(271, 61, 5, 1, 0.192, 0.576, 0.221, 2),
(272, 62, 5, 1, 0.18, 0.54, 0.221, 2),
(273, 63, 5, 1, 0.192, 0.576, 0.221, 2),
(274, 64, 5, 1, 0.18, 0.54, 0.221, 2),
(275, 65, 5, 1, 0.192, 0.576, 0.221, 2),
(276, 66, 5, 1, 0.18, 0.54, 0.221, 2),
(277, 67, 5, 1, 0.18, 0.54, 0.221, 2),
(278, 68, 5, 3, 0.48, 1.44, 0.221, 2),
(279, 69, 5, 1, 0.192, 0.576, 0.221, 2),
(280, 70, 5, 3, 0.48, 1.44, 0.221, 2),
(281, 71, 1, 2, 0.385, 1.155, 0.724, 2),
(282, 72, 1, 4, 0.718, 2.154, 0.724, 2),
(283, 73, 1, 2, 0.385, 1.155, 0.724, 2),
(284, 74, 1, 2, 0.385, 1.155, 0.724, 2),
(285, 75, 1, 2, 0.385, 1.155, 0.724, 2),
(286, 76, 1, 2, 0.385, 1.155, 0.724, 2),
(287, 77, 1, 2, 0.385, 1.155, 0.724, 2),
(288, 78, 1, 4, 0.718, 2.154, 0.724, 2),
(289, 79, 1, 4, 0.718, 2.154, 0.724, 2),
(290, 80, 1, 2, 0.385, 1.155, 0.724, 2),
(291, 81, 1, 2, 0.385, 1.155, 0.724, 2),
(292, 82, 1, 4, 0.718, 2.154, 0.724, 2),
(293, 83, 1, 4, 0.718, 2.154, 0.724, 2),
(294, 84, 1, 4, 0.718, 2.154, 0.724, 2),
(295, 71, 2, 3, 0.577, 1.731, 0.762, 2),
(296, 72, 2, 3, 0.539, 1.617, 0.762, 2),
(297, 73, 2, 3, 0.577, 1.731, 0.762, 2),
(298, 74, 2, 3, 0.577, 1.731, 0.762, 2),
(299, 75, 2, 3, 0.577, 1.731, 0.762, 2),
(300, 76, 2, 3, 0.577, 1.731, 0.762, 2),
(301, 77, 2, 3, 0.577, 1.731, 0.762, 2),
(302, 78, 2, 3, 0.539, 1.617, 0.762, 2),
(303, 79, 2, 3, 0.539, 1.617, 0.762, 2),
(304, 80, 2, 3, 0.577, 1.731, 0.762, 2),
(305, 81, 2, 3, 0.577, 1.731, 0.762, 2),
(306, 82, 2, 3, 0.539, 1.617, 0.762, 2),
(307, 83, 2, 3, 0.539, 1.617, 0.762, 2),
(308, 84, 2, 3, 0.539, 1.617, 0.762, 2),
(309, 71, 3, 3, 0.577, 1.731, 0.572, 2),
(310, 72, 3, 2, 0.359, 1.077, 0.572, 2),
(311, 73, 3, 3, 0.577, 1.731, 0.572, 2),
(312, 74, 3, 3, 0.577, 1.731, 0.572, 2),
(313, 75, 3, 3, 0.577, 1.731, 0.572, 2),
(314, 76, 3, 3, 0.577, 1.731, 0.572, 2),
(315, 77, 3, 3, 0.577, 1.731, 0.572, 2),
(316, 78, 3, 2, 0.359, 1.077, 0.572, 2),
(317, 79, 3, 2, 0.359, 1.077, 0.572, 2),
(318, 80, 3, 3, 0.577, 1.731, 0.572, 2),
(319, 81, 3, 3, 0.577, 1.731, 0.572, 2),
(320, 82, 3, 2, 0.359, 1.077, 0.572, 2),
(321, 83, 3, 2, 0.359, 1.077, 0.572, 2),
(322, 84, 3, 2, 0.359, 1.077, 0.572, 2),
(323, 71, 4, 2, 0.385, 1.155, 0.277, 2),
(324, 72, 4, 1, 0.18, 0.54, 0.277, 2),
(325, 73, 4, 2, 0.385, 1.155, 0.277, 2),
(326, 74, 4, 2, 0.385, 1.155, 0.277, 2),
(327, 75, 4, 2, 0.385, 1.155, 0.277, 2),
(328, 76, 4, 2, 0.385, 1.155, 0.277, 2),
(329, 77, 4, 2, 0.385, 1.155, 0.277, 2),
(330, 78, 4, 1, 0.18, 0.54, 0.277, 2),
(331, 79, 4, 1, 0.18, 0.54, 0.277, 2),
(332, 80, 4, 2, 0.385, 1.155, 0.277, 2),
(333, 81, 4, 2, 0.385, 1.155, 0.277, 2),
(334, 82, 4, 1, 0.18, 0.54, 0.277, 2),
(335, 83, 4, 1, 0.18, 0.54, 0.277, 2),
(336, 84, 4, 1, 0.18, 0.54, 0.277, 2),
(337, 71, 5, 1, 0.192, 0.576, 0, 2),
(338, 72, 5, 1, 0.18, 0.54, 0, 2),
(339, 73, 5, 1, 0.192, 0.576, 0, 2),
(340, 74, 5, 1, 0.192, 0.576, 0, 2),
(341, 75, 5, 1, 0.192, 0.576, 0, 2),
(342, 76, 5, 1, 0.192, 0.576, 0, 2),
(343, 77, 5, 1, 0.192, 0.576, 0, 2),
(344, 78, 5, 1, 0.18, 0.54, 0, 2),
(345, 79, 5, 1, 0.18, 0.54, 0, 2),
(346, 80, 5, 1, 0.192, 0.576, 0, 2),
(347, 81, 5, 1, 0.192, 0.576, 0, 2),
(348, 82, 5, 1, 0.18, 0.54, 0, 2),
(349, 83, 5, 1, 0.18, 0.54, 0, 2),
(350, 84, 5, 1, 0.18, 0.54, 0, 2),
(351, 85, 1, 2, 0.385, 1.155, 0.581, 2),
(352, 86, 1, 2, 0.385, 1.155, 0.581, 2),
(353, 87, 1, 2, 0.385, 1.155, 0.581, 2),
(354, 88, 1, 2, 0.385, 1.155, 0.581, 2),
(355, 89, 1, 2, 0.385, 1.155, 0.581, 2),
(356, 90, 1, 4, 0.718, 2.154, 0.581, 2),
(357, 91, 1, 2, 0.385, 1.155, 0.581, 2),
(358, 92, 1, 4, 0.718, 2.154, 0.581, 2),
(359, 93, 1, 2, 0.385, 1.155, 0.581, 2),
(360, 94, 1, 4, 0.718, 2.154, 0.581, 2),
(361, 95, 1, 4, 0.718, 2.154, 0.581, 2),
(362, 96, 1, 1, 0.16, 0.48, 0.581, 2),
(363, 97, 1, 2, 0.385, 1.155, 0.581, 2),
(364, 98, 1, 1, 0.16, 0.48, 0.581, 2),
(365, 85, 2, 3, 0.577, 1.731, 0.696, 2),
(366, 86, 2, 3, 0.577, 1.731, 0.696, 2),
(367, 87, 2, 3, 0.577, 1.731, 0.696, 2),
(368, 88, 2, 3, 0.577, 1.731, 0.696, 2),
(369, 89, 2, 3, 0.577, 1.731, 0.696, 2),
(370, 90, 2, 3, 0.539, 1.617, 0.696, 2),
(371, 91, 2, 3, 0.577, 1.731, 0.696, 2),
(372, 92, 2, 3, 0.539, 1.617, 0.696, 2),
(373, 93, 2, 3, 0.577, 1.731, 0.696, 2),
(374, 94, 2, 3, 0.539, 1.617, 0.696, 2),
(375, 95, 2, 3, 0.539, 1.617, 0.696, 2),
(376, 96, 2, 2, 0.32, 0.96, 0.696, 2),
(377, 97, 2, 3, 0.577, 1.731, 0.696, 2),
(378, 98, 2, 2, 0.32, 0.96, 0.696, 2),
(379, 85, 3, 3, 0.577, 1.731, 0.621, 2),
(380, 86, 3, 3, 0.577, 1.731, 0.621, 2),
(381, 87, 3, 3, 0.577, 1.731, 0.621, 2),
(382, 88, 3, 3, 0.577, 1.731, 0.621, 2),
(383, 89, 3, 3, 0.577, 1.731, 0.621, 2),
(384, 90, 3, 2, 0.359, 1.077, 0.621, 2),
(385, 91, 3, 3, 0.577, 1.731, 0.621, 2),
(386, 92, 3, 2, 0.359, 1.077, 0.621, 2),
(387, 93, 3, 3, 0.577, 1.731, 0.621, 2),
(388, 94, 3, 2, 0.359, 1.077, 0.621, 2),
(389, 95, 3, 2, 0.359, 1.077, 0.621, 2),
(390, 96, 3, 3, 0.48, 1.44, 0.621, 2),
(391, 97, 3, 3, 0.577, 1.731, 0.621, 2),
(392, 98, 3, 3, 0.48, 1.44, 0.621, 2),
(393, 85, 4, 2, 0.385, 1.155, 0.42, 2),
(394, 86, 4, 2, 0.385, 1.155, 0.42, 2),
(395, 87, 4, 2, 0.385, 1.155, 0.42, 2),
(396, 88, 4, 2, 0.385, 1.155, 0.42, 2),
(397, 89, 4, 2, 0.385, 1.155, 0.42, 2),
(398, 90, 4, 1, 0.18, 0.54, 0.42, 2),
(399, 91, 4, 2, 0.385, 1.155, 0.42, 2),
(400, 92, 4, 1, 0.18, 0.54, 0.42, 2),
(401, 93, 4, 2, 0.385, 1.155, 0.42, 2),
(402, 94, 4, 1, 0.18, 0.54, 0.42, 2),
(403, 95, 4, 1, 0.18, 0.54, 0.42, 2),
(404, 96, 4, 4, 0.641, 1.923, 0.42, 2),
(405, 97, 4, 2, 0.385, 1.155, 0.42, 2),
(406, 98, 4, 4, 0.641, 1.923, 0.42, 2),
(407, 85, 5, 1, 0.192, 0.576, 0.226, 2),
(408, 86, 5, 1, 0.192, 0.576, 0.226, 2),
(409, 87, 5, 1, 0.192, 0.576, 0.226, 2),
(410, 88, 5, 1, 0.192, 0.576, 0.226, 2),
(411, 89, 5, 1, 0.192, 0.576, 0.226, 2),
(412, 90, 5, 1, 0.18, 0.54, 0.226, 2),
(413, 91, 5, 1, 0.192, 0.576, 0.226, 2),
(414, 92, 5, 1, 0.18, 0.54, 0.226, 2),
(415, 93, 5, 1, 0.192, 0.576, 0.226, 2),
(416, 94, 5, 1, 0.18, 0.54, 0.226, 2),
(417, 95, 5, 1, 0.18, 0.54, 0.226, 2),
(418, 96, 5, 3, 0.48, 1.44, 0.226, 2),
(419, 97, 5, 1, 0.192, 0.576, 0.226, 2),
(420, 98, 5, 3, 0.48, 1.44, 0.226, 2),
(421, 99, 1, 2, 0.385, 1.155, 0.603, 2),
(422, 100, 1, 2, 0.385, 1.155, 0.603, 2),
(423, 101, 1, 2, 0.385, 1.155, 0.603, 2),
(424, 102, 1, 2, 0.385, 1.155, 0.603, 2),
(425, 103, 1, 2, 0.385, 1.155, 0.603, 2),
(426, 104, 1, 2, 0.385, 1.155, 0.603, 2),
(427, 105, 1, 2, 0.385, 1.155, 0.603, 2),
(428, 106, 1, 2, 0.385, 1.155, 0.603, 2),
(429, 107, 1, 4, 0.718, 2.154, 0.603, 2),
(430, 108, 1, 4, 0.718, 2.154, 0.603, 2),
(431, 109, 1, 2, 0.385, 1.155, 0.603, 2),
(432, 110, 1, 2, 0.385, 1.155, 0.603, 2),
(433, 111, 1, 2, 0.385, 1.155, 0.603, 2),
(434, 112, 1, 2, 0.385, 1.155, 0.603, 2),
(435, 99, 2, 3, 0.577, 1.731, 0.849, 2),
(436, 100, 2, 3, 0.577, 1.731, 0.849, 2),
(437, 101, 2, 3, 0.577, 1.731, 0.849, 2),
(438, 102, 2, 3, 0.577, 1.731, 0.849, 2),
(439, 103, 2, 3, 0.577, 1.731, 0.849, 2),
(440, 104, 2, 3, 0.577, 1.731, 0.849, 2),
(441, 105, 2, 3, 0.577, 1.731, 0.849, 2),
(442, 106, 2, 3, 0.577, 1.731, 0.849, 2),
(443, 107, 2, 3, 0.539, 1.617, 0.849, 2),
(444, 108, 2, 3, 0.539, 1.617, 0.849, 2),
(445, 109, 2, 3, 0.577, 1.731, 0.849, 2),
(446, 110, 2, 3, 0.577, 1.731, 0.849, 2),
(447, 111, 2, 3, 0.577, 1.731, 0.849, 2),
(448, 112, 2, 3, 0.577, 1.731, 0.849, 2),
(449, 99, 3, 3, 0.577, 1.731, 0.728, 2),
(450, 100, 3, 3, 0.577, 1.731, 0.728, 2),
(451, 101, 3, 3, 0.577, 1.731, 0.728, 2),
(452, 102, 3, 3, 0.577, 1.731, 0.728, 2),
(453, 103, 3, 3, 0.577, 1.731, 0.728, 2),
(454, 104, 3, 3, 0.577, 1.731, 0.728, 2),
(455, 105, 3, 3, 0.577, 1.731, 0.728, 2),
(456, 106, 3, 3, 0.577, 1.731, 0.728, 2),
(457, 107, 3, 2, 0.359, 1.077, 0.728, 2),
(458, 108, 3, 2, 0.359, 1.077, 0.728, 2),
(459, 109, 3, 3, 0.577, 1.731, 0.728, 2),
(460, 110, 3, 3, 0.577, 1.731, 0.728, 2),
(461, 111, 3, 3, 0.577, 1.731, 0.728, 2),
(462, 112, 3, 3, 0.577, 1.731, 0.728, 2),
(463, 99, 4, 2, 0.385, 1.155, 0.398, 2),
(464, 100, 4, 2, 0.385, 1.155, 0.398, 2),
(465, 101, 4, 2, 0.385, 1.155, 0.398, 2),
(466, 102, 4, 2, 0.385, 1.155, 0.398, 2),
(467, 103, 4, 2, 0.385, 1.155, 0.398, 2),
(468, 104, 4, 2, 0.385, 1.155, 0.398, 2),
(469, 105, 4, 2, 0.385, 1.155, 0.398, 2),
(470, 106, 4, 2, 0.385, 1.155, 0.398, 2),
(471, 107, 4, 1, 0.18, 0.54, 0.398, 2),
(472, 108, 4, 1, 0.18, 0.54, 0.398, 2),
(473, 109, 4, 2, 0.385, 1.155, 0.398, 2),
(474, 110, 4, 2, 0.385, 1.155, 0.398, 2),
(475, 111, 4, 2, 0.385, 1.155, 0.398, 2),
(476, 112, 4, 2, 0.385, 1.155, 0.398, 2),
(477, 99, 5, 1, 0.192, 0.576, 0, 2),
(478, 100, 5, 1, 0.192, 0.576, 0, 2),
(479, 101, 5, 1, 0.192, 0.576, 0, 2),
(480, 102, 5, 1, 0.192, 0.576, 0, 2),
(481, 103, 5, 1, 0.192, 0.576, 0, 2),
(482, 104, 5, 1, 0.192, 0.576, 0, 2),
(483, 105, 5, 1, 0.192, 0.576, 0, 2),
(484, 106, 5, 1, 0.192, 0.576, 0, 2),
(485, 107, 5, 1, 0.18, 0.54, 0, 2),
(486, 108, 5, 1, 0.18, 0.54, 0, 2),
(487, 109, 5, 1, 0.192, 0.576, 0, 2),
(488, 110, 5, 1, 0.192, 0.576, 0, 2),
(489, 111, 5, 1, 0.192, 0.576, 0, 2),
(490, 112, 5, 1, 0.192, 0.576, 0, 2),
(491, 113, 1, 4, 0.718, 2.154, 0.749, 1),
(492, 114, 1, 2, 0.385, 1.155, 0.749, 1),
(493, 115, 1, 4, 0.718, 2.154, 0.749, 1),
(494, 116, 1, 2, 0.385, 1.155, 0.749, 1),
(495, 117, 1, 2, 0.385, 1.155, 0.749, 1),
(496, 118, 1, 4, 0.718, 2.154, 0.749, 1),
(497, 119, 1, 2, 0.385, 1.155, 0.749, 1),
(498, 120, 1, 4, 0.718, 2.154, 0.749, 1),
(499, 121, 1, 4, 0.718, 2.154, 0.749, 1),
(500, 122, 1, 2, 0.385, 1.155, 0.749, 1),
(501, 123, 1, 4, 0.718, 2.154, 0.749, 1),
(502, 124, 1, 2, 0.385, 1.155, 0.749, 1),
(503, 125, 1, 2, 0.385, 1.155, 0.749, 1),
(504, 126, 1, 4, 0.718, 2.154, 0.749, 1),
(505, 113, 2, 3, 0.539, 1.617, 0.746, 1),
(506, 114, 2, 3, 0.577, 1.731, 0.746, 1),
(507, 115, 2, 3, 0.539, 1.617, 0.746, 1),
(508, 116, 2, 3, 0.577, 1.731, 0.746, 1),
(509, 117, 2, 3, 0.577, 1.731, 0.746, 1),
(510, 118, 2, 3, 0.539, 1.617, 0.746, 1),
(511, 119, 2, 3, 0.577, 1.731, 0.746, 1),
(512, 120, 2, 3, 0.539, 1.617, 0.746, 1),
(513, 121, 2, 3, 0.539, 1.617, 0.746, 1),
(514, 122, 2, 3, 0.577, 1.731, 0.746, 1),
(515, 123, 2, 3, 0.539, 1.617, 0.746, 1),
(516, 124, 2, 3, 0.577, 1.731, 0.746, 1),
(517, 125, 2, 3, 0.577, 1.731, 0.746, 1),
(518, 126, 2, 3, 0.539, 1.617, 0.746, 1),
(519, 113, 3, 2, 0.359, 1.077, 0.542, 1),
(520, 114, 3, 3, 0.577, 1.731, 0.542, 1),
(521, 115, 3, 2, 0.359, 1.077, 0.542, 1),
(522, 116, 3, 3, 0.577, 1.731, 0.542, 1),
(523, 117, 3, 3, 0.577, 1.731, 0.542, 1),
(524, 118, 3, 2, 0.359, 1.077, 0.542, 1),
(525, 119, 3, 3, 0.577, 1.731, 0.542, 1),
(526, 120, 3, 2, 0.359, 1.077, 0.542, 1),
(527, 121, 3, 2, 0.359, 1.077, 0.542, 1),
(528, 122, 3, 3, 0.577, 1.731, 0.542, 1),
(529, 123, 3, 2, 0.359, 1.077, 0.542, 1),
(530, 124, 3, 3, 0.577, 1.731, 0.542, 1),
(531, 125, 3, 3, 0.577, 1.731, 0.542, 1),
(532, 126, 3, 2, 0.359, 1.077, 0.542, 1),
(533, 113, 4, 1, 0.18, 0.54, 0.252, 1),
(534, 114, 4, 2, 0.385, 1.155, 0.252, 1),
(535, 115, 4, 1, 0.18, 0.54, 0.252, 1),
(536, 116, 4, 2, 0.385, 1.155, 0.252, 1),
(537, 117, 4, 2, 0.385, 1.155, 0.252, 1),
(538, 118, 4, 1, 0.18, 0.54, 0.252, 1),
(539, 119, 4, 2, 0.385, 1.155, 0.252, 1),
(540, 120, 4, 1, 0.18, 0.54, 0.252, 1),
(541, 121, 4, 1, 0.18, 0.54, 0.252, 1),
(542, 122, 4, 2, 0.385, 1.155, 0.252, 1),
(543, 123, 4, 1, 0.18, 0.54, 0.252, 1),
(544, 124, 4, 2, 0.385, 1.155, 0.252, 1),
(545, 125, 4, 2, 0.385, 1.155, 0.252, 1),
(546, 126, 4, 1, 0.18, 0.54, 0.252, 1),
(547, 113, 5, 1, 0.18, 0.54, 0, 1),
(548, 114, 5, 1, 0.192, 0.576, 0, 1),
(549, 115, 5, 1, 0.18, 0.54, 0, 1),
(550, 116, 5, 1, 0.192, 0.576, 0, 1),
(551, 117, 5, 1, 0.192, 0.576, 0, 1),
(552, 118, 5, 1, 0.18, 0.54, 0, 1),
(553, 119, 5, 1, 0.192, 0.576, 0, 1),
(554, 120, 5, 1, 0.18, 0.54, 0, 1),
(555, 121, 5, 1, 0.18, 0.54, 0, 1),
(556, 122, 5, 1, 0.192, 0.576, 0, 1),
(557, 123, 5, 1, 0.18, 0.54, 0, 1),
(558, 124, 5, 1, 0.192, 0.576, 0, 1),
(559, 125, 5, 1, 0.192, 0.576, 0, 1),
(560, 126, 5, 1, 0.18, 0.54, 0, 1),
(561, 127, 1, 2, 0.385, 1.155, 0.669, 2),
(562, 128, 1, 4, 0.718, 2.154, 0.669, 2),
(563, 129, 1, 4, 0.718, 2.154, 0.669, 2),
(564, 130, 1, 4, 0.718, 2.154, 0.669, 2),
(565, 131, 1, 2, 0.385, 1.155, 0.669, 2),
(566, 132, 1, 2, 0.385, 1.155, 0.669, 2),
(567, 133, 1, 2, 0.385, 1.155, 0.669, 2),
(568, 134, 1, 4, 0.718, 2.154, 0.669, 2),
(569, 135, 1, 4, 0.718, 2.154, 0.669, 2),
(570, 136, 1, 2, 0.385, 1.155, 0.669, 2),
(571, 137, 1, 4, 0.718, 2.154, 0.669, 2),
(572, 138, 1, 1, 0.16, 0.48, 0.669, 2),
(573, 139, 1, 2, 0.385, 1.155, 0.669, 2),
(574, 140, 1, 2, 0.385, 1.155, 0.669, 2),
(575, 127, 2, 3, 0.577, 1.731, 0.714, 2),
(576, 128, 2, 3, 0.539, 1.617, 0.714, 2),
(577, 129, 2, 3, 0.539, 1.617, 0.714, 2),
(578, 130, 2, 3, 0.539, 1.617, 0.714, 2),
(579, 131, 2, 3, 0.577, 1.731, 0.714, 2),
(580, 132, 2, 3, 0.577, 1.731, 0.714, 2),
(581, 133, 2, 3, 0.577, 1.731, 0.714, 2),
(582, 134, 2, 3, 0.539, 1.617, 0.714, 2),
(583, 135, 2, 3, 0.539, 1.617, 0.714, 2),
(584, 136, 2, 3, 0.577, 1.731, 0.714, 2),
(585, 137, 2, 3, 0.539, 1.617, 0.714, 2),
(586, 138, 2, 2, 0.32, 0.96, 0.714, 2),
(587, 139, 2, 3, 0.577, 1.731, 0.714, 2),
(588, 140, 2, 3, 0.577, 1.731, 0.714, 2),
(589, 127, 3, 3, 0.577, 1.731, 0.563, 2),
(590, 128, 3, 2, 0.359, 1.077, 0.563, 2),
(591, 129, 3, 2, 0.359, 1.077, 0.563, 2),
(592, 130, 3, 2, 0.359, 1.077, 0.563, 2),
(593, 131, 3, 3, 0.577, 1.731, 0.563, 2),
(594, 132, 3, 3, 0.577, 1.731, 0.563, 2),
(595, 133, 3, 3, 0.577, 1.731, 0.563, 2),
(596, 134, 3, 2, 0.359, 1.077, 0.563, 2),
(597, 135, 3, 2, 0.359, 1.077, 0.563, 2),
(598, 136, 3, 3, 0.577, 1.731, 0.563, 2),
(599, 137, 3, 2, 0.359, 1.077, 0.563, 2),
(600, 138, 3, 3, 0.48, 1.44, 0.563, 2),
(601, 139, 3, 3, 0.577, 1.731, 0.563, 2),
(602, 140, 3, 3, 0.577, 1.731, 0.563, 2),
(603, 127, 4, 2, 0.385, 1.155, 0.332, 2),
(604, 128, 4, 1, 0.18, 0.54, 0.332, 2),
(605, 129, 4, 1, 0.18, 0.54, 0.332, 2),
(606, 130, 4, 1, 0.18, 0.54, 0.332, 2),
(607, 131, 4, 2, 0.385, 1.155, 0.332, 2),
(608, 132, 4, 2, 0.385, 1.155, 0.332, 2),
(609, 133, 4, 2, 0.385, 1.155, 0.332, 2),
(610, 134, 4, 1, 0.18, 0.54, 0.332, 2),
(611, 135, 4, 1, 0.18, 0.54, 0.332, 2),
(612, 136, 4, 2, 0.385, 1.155, 0.332, 2),
(613, 137, 4, 1, 0.18, 0.54, 0.332, 2),
(614, 138, 4, 4, 0.641, 1.923, 0.332, 2),
(615, 139, 4, 2, 0.385, 1.155, 0.332, 2),
(616, 140, 4, 2, 0.385, 1.155, 0.332, 2),
(617, 127, 5, 1, 0.192, 0.576, 0.161, 2),
(618, 128, 5, 1, 0.18, 0.54, 0.161, 2),
(619, 129, 5, 1, 0.18, 0.54, 0.161, 2),
(620, 130, 5, 1, 0.18, 0.54, 0.161, 2),
(621, 131, 5, 1, 0.192, 0.576, 0.161, 2),
(622, 132, 5, 1, 0.192, 0.576, 0.161, 2),
(623, 133, 5, 1, 0.192, 0.576, 0.161, 2),
(624, 134, 5, 1, 0.18, 0.54, 0.161, 2),
(625, 135, 5, 1, 0.18, 0.54, 0.161, 2),
(626, 136, 5, 1, 0.192, 0.576, 0.161, 2),
(627, 137, 5, 1, 0.18, 0.54, 0.161, 2),
(628, 138, 5, 3, 0.48, 1.44, 0.161, 2),
(629, 139, 5, 1, 0.192, 0.576, 0.161, 2),
(630, 140, 5, 1, 0.192, 0.576, 0.161, 2),
(631, 141, 1, 4, 0.718, 2.154, 0.629, 2),
(632, 142, 1, 4, 0.718, 2.154, 0.629, 2),
(633, 143, 1, 4, 0.718, 2.154, 0.629, 2),
(634, 144, 1, 4, 0.718, 2.154, 0.629, 2),
(635, 145, 1, 2, 0.385, 1.155, 0.629, 2),
(636, 146, 1, 2, 0.385, 1.155, 0.629, 2),
(637, 147, 1, 1, 0.16, 0.48, 0.629, 2),
(638, 148, 1, 2, 0.385, 1.155, 0.629, 2),
(639, 149, 1, 4, 0.718, 2.154, 0.629, 2),
(640, 150, 1, 2, 0.385, 1.155, 0.629, 2),
(641, 151, 1, 2, 0.385, 1.155, 0.629, 2),
(642, 152, 1, 1, 0.16, 0.48, 0.629, 2),
(643, 153, 1, 2, 0.385, 1.155, 0.629, 2),
(644, 154, 1, 4, 0.718, 2.154, 0.629, 2),
(645, 141, 2, 3, 0.539, 1.617, 0.675, 2),
(646, 142, 2, 3, 0.539, 1.617, 0.675, 2),
(647, 143, 2, 3, 0.539, 1.617, 0.675, 2),
(648, 144, 2, 3, 0.539, 1.617, 0.675, 2),
(649, 145, 2, 3, 0.577, 1.731, 0.675, 2),
(650, 146, 2, 3, 0.577, 1.731, 0.675, 2),
(651, 147, 2, 2, 0.32, 0.96, 0.675, 2),
(652, 148, 2, 3, 0.577, 1.731, 0.675, 2),
(653, 149, 2, 3, 0.539, 1.617, 0.675, 2),
(654, 150, 2, 3, 0.577, 1.731, 0.675, 2),
(655, 151, 2, 3, 0.577, 1.731, 0.675, 2),
(656, 152, 2, 2, 0.32, 0.96, 0.675, 2),
(657, 153, 2, 3, 0.577, 1.731, 0.675, 2),
(658, 154, 2, 3, 0.539, 1.617, 0.675, 2),
(659, 141, 3, 2, 0.359, 1.077, 0.555, 2),
(660, 142, 3, 2, 0.359, 1.077, 0.555, 2),
(661, 143, 3, 2, 0.359, 1.077, 0.555, 2),
(662, 144, 3, 2, 0.359, 1.077, 0.555, 2),
(663, 145, 3, 3, 0.577, 1.731, 0.555, 2),
(664, 146, 3, 3, 0.577, 1.731, 0.555, 2),
(665, 147, 3, 3, 0.48, 1.44, 0.555, 2),
(666, 148, 3, 3, 0.577, 1.731, 0.555, 2),
(667, 149, 3, 2, 0.359, 1.077, 0.555, 2),
(668, 150, 3, 3, 0.577, 1.731, 0.555, 2),
(669, 151, 3, 3, 0.577, 1.731, 0.555, 2),
(670, 152, 3, 3, 0.48, 1.44, 0.555, 2),
(671, 153, 3, 3, 0.577, 1.731, 0.555, 2),
(672, 154, 3, 2, 0.359, 1.077, 0.555, 2),
(673, 141, 4, 1, 0.18, 0.54, 0.372, 2),
(674, 142, 4, 1, 0.18, 0.54, 0.372, 2),
(675, 143, 4, 1, 0.18, 0.54, 0.372, 2),
(676, 144, 4, 1, 0.18, 0.54, 0.372, 2),
(677, 145, 4, 2, 0.385, 1.155, 0.372, 2),
(678, 146, 4, 2, 0.385, 1.155, 0.372, 2),
(679, 147, 4, 4, 0.641, 1.923, 0.372, 2),
(680, 148, 4, 2, 0.385, 1.155, 0.372, 2),
(681, 149, 4, 1, 0.18, 0.54, 0.372, 2),
(682, 150, 4, 2, 0.385, 1.155, 0.372, 2),
(683, 151, 4, 2, 0.385, 1.155, 0.372, 2),
(684, 152, 4, 4, 0.641, 1.923, 0.372, 2),
(685, 153, 4, 2, 0.385, 1.155, 0.372, 2),
(686, 154, 4, 1, 0.18, 0.54, 0.372, 2),
(687, 141, 5, 1, 0.18, 0.54, 0.217, 2),
(688, 142, 5, 1, 0.18, 0.54, 0.217, 2),
(689, 143, 5, 1, 0.18, 0.54, 0.217, 2),
(690, 144, 5, 1, 0.18, 0.54, 0.217, 2),
(691, 145, 5, 1, 0.192, 0.576, 0.217, 2),
(692, 146, 5, 1, 0.192, 0.576, 0.217, 2),
(693, 147, 5, 3, 0.48, 1.44, 0.217, 2),
(694, 148, 5, 1, 0.192, 0.576, 0.217, 2),
(695, 149, 5, 1, 0.18, 0.54, 0.217, 2),
(696, 150, 5, 1, 0.192, 0.576, 0.217, 2),
(697, 151, 5, 1, 0.192, 0.576, 0.217, 2),
(698, 152, 5, 3, 0.48, 1.44, 0.217, 2),
(699, 153, 5, 1, 0.192, 0.576, 0.217, 2),
(700, 154, 5, 1, 0.18, 0.54, 0.217, 2),
(701, 155, 1, 2, 0.385, 1.155, 0.69, 2),
(702, 156, 1, 4, 0.718, 2.154, 0.69, 2),
(703, 157, 1, 2, 0.385, 1.155, 0.69, 2),
(704, 158, 1, 4, 0.718, 2.154, 0.69, 2),
(705, 159, 1, 4, 0.718, 2.154, 0.69, 2),
(706, 160, 1, 2, 0.385, 1.155, 0.69, 2),
(707, 161, 1, 2, 0.385, 1.155, 0.69, 2),
(708, 162, 1, 4, 0.718, 2.154, 0.69, 2),
(709, 163, 1, 4, 0.718, 2.154, 0.69, 2),
(710, 164, 1, 4, 0.718, 2.154, 0.69, 2),
(711, 165, 1, 2, 0.385, 1.155, 0.69, 2),
(712, 166, 1, 4, 0.718, 2.154, 0.69, 2),
(713, 167, 1, 2, 0.385, 1.155, 0.69, 2),
(714, 168, 1, 1, 0.16, 0.48, 0.69, 2),
(715, 155, 2, 3, 0.577, 1.731, 0.702, 2),
(716, 156, 2, 3, 0.539, 1.617, 0.702, 2),
(717, 157, 2, 3, 0.577, 1.731, 0.702, 2),
(718, 158, 2, 3, 0.539, 1.617, 0.702, 2),
(719, 159, 2, 3, 0.539, 1.617, 0.702, 2),
(720, 160, 2, 3, 0.577, 1.731, 0.702, 2),
(721, 161, 2, 3, 0.577, 1.731, 0.702, 2),
(722, 162, 2, 3, 0.539, 1.617, 0.702, 2),
(723, 163, 2, 3, 0.539, 1.617, 0.702, 2),
(724, 164, 2, 3, 0.539, 1.617, 0.702, 2),
(725, 165, 2, 3, 0.577, 1.731, 0.702, 2),
(726, 166, 2, 3, 0.539, 1.617, 0.702, 2),
(727, 167, 2, 3, 0.577, 1.731, 0.702, 2),
(728, 168, 2, 2, 0.32, 0.96, 0.702, 2),
(729, 155, 3, 3, 0.577, 1.731, 0.534, 2),
(730, 156, 3, 2, 0.359, 1.077, 0.534, 2),
(731, 157, 3, 3, 0.577, 1.731, 0.534, 2),
(732, 158, 3, 2, 0.359, 1.077, 0.534, 2),
(733, 159, 3, 2, 0.359, 1.077, 0.534, 2),
(734, 160, 3, 3, 0.577, 1.731, 0.534, 2),
(735, 161, 3, 3, 0.577, 1.731, 0.534, 2),
(736, 162, 3, 2, 0.359, 1.077, 0.534, 2),
(737, 163, 3, 2, 0.359, 1.077, 0.534, 2),
(738, 164, 3, 2, 0.359, 1.077, 0.534, 2),
(739, 165, 3, 3, 0.577, 1.731, 0.534, 2),
(740, 166, 3, 2, 0.359, 1.077, 0.534, 2),
(741, 167, 3, 3, 0.577, 1.731, 0.534, 2),
(742, 168, 3, 3, 0.48, 1.44, 0.534, 2),
(743, 155, 4, 2, 0.385, 1.155, 0.31, 2),
(744, 156, 4, 1, 0.18, 0.54, 0.31, 2),
(745, 157, 4, 2, 0.385, 1.155, 0.31, 2),
(746, 158, 4, 1, 0.18, 0.54, 0.31, 2),
(747, 159, 4, 1, 0.18, 0.54, 0.31, 2),
(748, 160, 4, 2, 0.385, 1.155, 0.31, 2),
(749, 161, 4, 2, 0.385, 1.155, 0.31, 2),
(750, 162, 4, 1, 0.18, 0.54, 0.31, 2),
(751, 163, 4, 1, 0.18, 0.54, 0.31, 2),
(752, 164, 4, 1, 0.18, 0.54, 0.31, 2),
(753, 165, 4, 2, 0.385, 1.155, 0.31, 2),
(754, 166, 4, 1, 0.18, 0.54, 0.31, 2),
(755, 167, 4, 2, 0.385, 1.155, 0.31, 2),
(756, 168, 4, 4, 0.641, 1.923, 0.31, 2),
(757, 155, 5, 1, 0.192, 0.576, 0.157, 2),
(758, 156, 5, 1, 0.18, 0.54, 0.157, 2),
(759, 157, 5, 1, 0.192, 0.576, 0.157, 2),
(760, 158, 5, 1, 0.18, 0.54, 0.157, 2),
(761, 159, 5, 1, 0.18, 0.54, 0.157, 2),
(762, 160, 5, 1, 0.192, 0.576, 0.157, 2),
(763, 161, 5, 1, 0.192, 0.576, 0.157, 2),
(764, 162, 5, 1, 0.18, 0.54, 0.157, 2),
(765, 163, 5, 1, 0.18, 0.54, 0.157, 2),
(766, 164, 5, 1, 0.18, 0.54, 0.157, 2),
(767, 165, 5, 1, 0.192, 0.576, 0.157, 2),
(768, 166, 5, 1, 0.18, 0.54, 0.157, 2),
(769, 167, 5, 1, 0.192, 0.576, 0.157, 2),
(770, 168, 5, 3, 0.48, 1.44, 0.157, 2);

-- --------------------------------------------------------

--
-- Struktur dari tabel `periode`
--

CREATE TABLE `periode` (
  `id_periode` int(11) NOT NULL,
  `waktu` varchar(30) NOT NULL,
  `aktif` varchar(1) NOT NULL
) ENGINE=InnoDB DEFAULT CHARSET=utf32;

--
-- Dumping data untuk tabel `periode`
--

INSERT INTO `periode` (`id_periode`, `waktu`, `aktif`) VALUES
(1, '2017', 'N'),
(2, '2018', 'Y');

--
-- Indexes for dumped tables
--

--
-- Indeks untuk tabel `admin`
--
ALTER TABLE `admin`
  ADD PRIMARY KEY (`id_admin`);

--
-- Indeks untuk tabel `alternatif`
--
ALTER TABLE `alternatif`
  ADD PRIMARY KEY (`id_alternatif`);

--
-- Indeks untuk tabel `guru`
--
ALTER TABLE `guru`
  ADD PRIMARY KEY (`id_guru`),
  ADD KEY `id_admin` (`id_admin`),
  ADD KEY `id_mapel` (`id_mapel`);

--
-- Indeks untuk tabel `kriteria`
--
ALTER TABLE `kriteria`
  ADD PRIMARY KEY (`id_kriteria`);

--
-- Indeks untuk tabel `mapel`
--
ALTER TABLE `mapel`
  ADD PRIMARY KEY (`id_mapel`);

--
-- Indeks untuk tabel `nilai`
--
ALTER TABLE `nilai`
  ADD PRIMARY KEY (`id_nilai`),
  ADD KEY `id_kriteria` (`id_kriteria`),
  ADD KEY `id_guru` (`id_guru`),
  ADD KEY `id_periode` (`id_periode`);

--
-- Indeks untuk tabel `penilaian`
--
ALTER TABLE `penilaian`
  ADD PRIMARY KEY (`id_penilaian`),
  ADD KEY `id_alternatif` (`id_alternatif`),
  ADD KEY `id_nilai` (`id_nilai`);

--
-- Indeks untuk tabel `periode`
--
ALTER TABLE `periode`
  ADD PRIMARY KEY (`id_periode`);

--
-- AUTO_INCREMENT untuk tabel yang dibuang
--

--
-- AUTO_INCREMENT untuk tabel `admin`
--
ALTER TABLE `admin`
  MODIFY `id_admin` int(11) NOT NULL AUTO_INCREMENT, AUTO_INCREMENT=5;

--
-- AUTO_INCREMENT untuk tabel `alternatif`
--
ALTER TABLE `alternatif`
  MODIFY `id_alternatif` int(11) NOT NULL AUTO_INCREMENT, AUTO_INCREMENT=6;

--
-- AUTO_INCREMENT untuk tabel `guru`
--
ALTER TABLE `guru`
  MODIFY `id_guru` int(11) NOT NULL AUTO_INCREMENT, AUTO_INCREMENT=16;

--
-- AUTO_INCREMENT untuk tabel `kriteria`
--
ALTER TABLE `kriteria`
  MODIFY `id_kriteria` int(11) NOT NULL AUTO_INCREMENT, AUTO_INCREMENT=15;

--
-- AUTO_INCREMENT untuk tabel `mapel`
--
ALTER TABLE `mapel`
  MODIFY `id_mapel` int(11) NOT NULL AUTO_INCREMENT, AUTO_INCREMENT=7;

--
-- AUTO_INCREMENT untuk tabel `nilai`
--
ALTER TABLE `nilai`
  MODIFY `id_nilai` int(11) NOT NULL AUTO_INCREMENT, AUTO_INCREMENT=169;

--
-- AUTO_INCREMENT untuk tabel `penilaian`
--
ALTER TABLE `penilaian`
  MODIFY `id_penilaian` int(11) NOT NULL AUTO_INCREMENT, AUTO_INCREMENT=771;

--
-- AUTO_INCREMENT untuk tabel `periode`
--
ALTER TABLE `periode`
  MODIFY `id_periode` int(11) NOT NULL AUTO_INCREMENT, AUTO_INCREMENT=3;

--
-- Ketidakleluasaan untuk tabel pelimpahan (Dumped Tables)
--

--
-- Ketidakleluasaan untuk tabel `guru`
--
ALTER TABLE `guru`
  ADD CONSTRAINT `guru_ibfk_1` FOREIGN KEY (`id_admin`) REFERENCES `admin` (`id_admin`),
  ADD CONSTRAINT `guru_ibfk_2` FOREIGN KEY (`id_mapel`) REFERENCES `mapel` (`id_mapel`);

--
-- Ketidakleluasaan untuk tabel `nilai`
--
ALTER TABLE `nilai`
  ADD CONSTRAINT `guru` FOREIGN KEY (`id_guru`) REFERENCES `guru` (`id_guru`) ON DELETE NO ACTION ON UPDATE CASCADE,
  ADD CONSTRAINT `kriteria` FOREIGN KEY (`id_kriteria`) REFERENCES `kriteria` (`id_kriteria`) ON DELETE NO ACTION ON UPDATE CASCADE,
  ADD CONSTRAINT `periode` FOREIGN KEY (`id_periode`) REFERENCES `periode` (`id_periode`) ON DELETE NO ACTION ON UPDATE CASCADE;

--
-- Ketidakleluasaan untuk tabel `penilaian`
--
ALTER TABLE `penilaian`
  ADD CONSTRAINT `alternatif` FOREIGN KEY (`id_alternatif`) REFERENCES `alternatif` (`id_alternatif`) ON DELETE NO ACTION ON UPDATE CASCADE,
  ADD CONSTRAINT `nilai` FOREIGN KEY (`id_nilai`) REFERENCES `nilai` (`id_nilai`) ON DELETE NO ACTION ON UPDATE CASCADE;
COMMIT;

/*!40101 SET CHARACTER_SET_CLIENT=@OLD_CHARACTER_SET_CLIENT */;
/*!40101 SET CHARACTER_SET_RESULTS=@OLD_CHARACTER_SET_RESULTS */;
/*!40101 SET COLLATION_CONNECTION=@OLD_COLLATION_CONNECTION */;
